[
    {
        "model": "panorama.seller",
        "pk": 1,
        "fields": {
            "name": "\u4e00\u54c1\u6548\u679c\u56fe",
            "logo": "seller-logo/yipin_logo.png",
            "phone": "13966759087",
            "address": "\u5b89\u5fbd\u7701\u5408\u80a5\u5e02\u4e5d\u534e\u5c71\u8def",
            "desc": "\u5408\u80a5\u4e00\u54c1\u6548\u679c\u56fe\u6709\u9650\u8d23\u4efb\u516c\u53f8\u6210\u7acb\u4e8e2006\u5e74\uff0c\u662f\u4e00\u5bb6\u4e13\u6ce8\u4e8e\u6570\u5b57\u89c6\u89c9\u8868\u73b0\u7684\u516c\u53f8\uff0c\u7ecf\u8fc7\u5341\u591a\u5e74\u7684\u521b\u65b0\u548c\u53d1\u5c55 \uff0c\u76ee\u524d\u516c\u53f8\u62e5\u6709\u5458\u5de5\u8fd1\u4e94\u767e\u4eba\uff0c\u4e1a\u52a1\u8986\u76d6\u56fd\u518531\u4e2a\u7701\u548c\u76f4\u8f96\u5e02\uff1b\u516c\u53f8\u4e3b\u8425\u6570\u5b57\u5316\u6548\u679c\u8868\u73b0\u3001\u5168\u666f\u56fe\u3001\u65bd\u5de5\u56fe\u7b49\u3002",
            "create_time": "2016-10-05T06:48:05.472Z"
        }
    },
    {
        "model": "panorama.seller",
        "pk": 2,
        "fields": {
            "name": "\u9aa8\u5934\u793e",
            "logo": "seller-logo/logo.png",
            "phone": "0751-1234567",
            "address": "\u9713\u8679",
            "desc": "\u52a8\u6f2b",
            "create_time": "2016-10-05T06:48:05.474Z"
        }
    },
    {
        "model": "panorama.seller",
        "pk": 3,
        "fields": {
            "name": "\u5409\u535c\u529b\u5de5\u4f5c\u5ba4",
            "logo": "",
            "phone": "0751-931744325",
            "address": "\u4e1c\u4eac\u90fd\u5c0f\u91d1\u4e95\u5e02\u68b6\u91ce\u753a1\u4e01\u76ee4\u756a25\u53f7",
            "desc": "\u76ee\u524d\u7ea6\u6709300\u540d\u5458\u5de5\uff0c\u7531\u5bfc\u6f14\u5bab\u5d0e\u9a8f\u4ee5\u53ca\u4ed6\u7684\u540c\u4e8b\u9ad8\u7551\u52cb\u3001\u94c3\u6728\u654f\u592b\u7b49\u4e00\u8d77\u7edf\u7b79",
            "create_time": "2016-10-05T06:48:05.472Z"
        }
    },
    {
        "model": "panorama.space",
        "pk": "0",
        "fields": {
            "name": "\u7a7a\u95f4\u540d\u79f0\uff1a0",
            "url": "img/real/0.jpg",
            "cache_url": "img/cache/0.jpg",
            "thumb_url": "img/thumb/0.jpg",
            "creator": 3,
            "create_time": "2016-10-05T06:48:05.472Z"
        }
    },
    {
        "model": "panorama.space",
        "pk": "1",
        "fields": {
            "name": "\u7a7a\u95f4\u540d\u79f0\uff1a1",
            "url": "img/real/1.jpg",
            "cache_url": "img/cache/1.jpg",
            "thumb_url": "img/thumb/1.jpg",
            "creator": 3,
            "create_time": "2016-10-05T06:48:05.472Z"
        }
    },
    {
        "model": "panorama.space",
        "pk": "10",
        "fields": {
            "name": "\u7a7a\u95f4\u540d\u79f0\uff1a10",
            "url": "img/real/10.jpg",
            "cache_url": "img/cache/10.jpg",
            "thumb_url": "img/thumb/10.jpg",
            "creator": 3,
            "create_time": "2016-10-05T06:48:05.472Z"
        }
    },
    {
        "model": "panorama.space",
        "pk": "11",
        "fields": {
            "name": "\u7a7a\u95f4\u540d\u79f0\uff1a11",
            "url": "img/real/11.jpg",
            "cache_url": "img/cache/11.jpg",
            "thumb_url": "img/thumb/11.jpg",
            "creator": 3,
            "create_time": "2016-10-05T06:48:05.472Z"
        }
    },
    {
        "model": "panorama.space",
        "pk": "12",
        "fields": {
            "name": "\u7a7a\u95f4\u540d\u79f0\uff1a12",
            "url": "img/real/12.jpg",
            "cache_url": "img/cache/12.jpg",
            "thumb_url": "img/thumb/12.jpg",
            "creator": 3,
            "create_time": "2016-10-05T06:48:05.472Z"
        }
    },
    {
        "model": "panorama.space",
        "pk": "13",
        "fields": {
            "name": "\u7a7a\u95f4\u540d\u79f0\uff1a13",
            "url": "img/real/13.jpg",
            "cache_url": "img/cache/13.jpg",
            "thumb_url": "img/thumb/13.jpg",
            "creator": 3,
            "create_time": "2016-10-05T06:48:05.472Z"
        }
    },
    {
        "model": "panorama.space",
        "pk": "14",
        "fields": {
            "name": "\u7a7a\u95f4\u540d\u79f0\uff1a14",
            "url": "img/real/14.jpg",
            "cache_url": "img/cache/14.jpg",
            "thumb_url": "img/thumb/14.jpg",
            "creator": 3,
            "create_time": "2016-10-05T06:48:05.472Z"
        }
    },
    {
        "model": "panorama.space",
        "pk": "15",
        "fields": {
            "name": "\u7a7a\u95f41",
            "url": "img/real/new_1.jpg",
            "cache_url": "img/cache/new_1.jpg",
            "thumb_url": "img/thumb/new_1.jpg",
            "creator": 3,
            "create_time": "2016-10-05T06:48:05.472Z"
        }
    },
    {
        "model": "panorama.space",
        "pk": "16",
        "fields": {
            "name": "\u7a7a\u95f42",
            "url": "img/real/new_2.jpg",
            "cache_url": "img/cache/new_2.jpg",
            "thumb_url": "img/thumb/new_2.jpg",
            "creator": 3,
            "create_time": "2016-10-05T06:48:05.472Z"
        }
    },
    {
        "model": "panorama.space",
        "pk": "17",
        "fields": {
            "name": "\u7a7a\u95f43",
            "url": "img/real/new_3.jpg",
            "cache_url": "img/cache/new_3.jpg",
            "thumb_url": "img/thumb/new_3.jpg",
            "creator": 3,
            "create_time": "2016-10-05T06:48:05.472Z"
        }
    },
    {
        "model": "panorama.space",
        "pk": "18",
        "fields": {
            "name": "\u7a7a\u95f44",
            "url": "img/real/new_4.jpg",
            "cache_url": "img/cache/new_4.jpg",
            "thumb_url": "img/thumb/new_4.jpg",
            "creator": 3,
            "create_time": "2016-10-05T06:48:05.472Z"
        }
    },
    {
        "model": "panorama.space",
        "pk": "19",
        "fields": {
            "name": "\u7a7a\u95f45",
            "url": "img/real/new_5.jpg",
            "cache_url": "img/cache/new_5.jpg",
            "thumb_url": "img/thumb/new_5.jpg",
            "creator": 3,
            "create_time": "2016-10-05T06:48:05.472Z"
        }
    },
    {
        "model": "panorama.space",
        "pk": "2",
        "fields": {
            "name": "\u7a7a\u95f4\u540d\u79f0\uff1a2",
            "url": "img/real/2.jpg",
            "cache_url": "img/cache/2.jpg",
            "thumb_url": "img/thumb/2.jpg",
            "creator": 3,
            "create_time": "2016-10-05T06:48:05.472Z"
        }
    },
    {
        "model": "panorama.space",
        "pk": "20",
        "fields": {
            "name": "\u7a7a\u95f46",
            "url": "img/real/new_6.jpg",
            "cache_url": "img/cache/new_6.jpg",
            "thumb_url": "img/thumb/new_6.jpg",
            "creator": 3,
            "create_time": "2016-10-05T06:48:05.472Z"
        }
    },
    {
        "model": "panorama.space",
        "pk": "21",
        "fields": {
            "name": "\u7a7a\u95f47",
            "url": "img/real/new_7.jpg",
            "cache_url": "img/cache/new_7.jpg",
            "thumb_url": "img/thumb/new_7.jpg",
            "creator": 3,
            "create_time": "2016-10-05T06:48:05.472Z"
        }
    },
    {
        "model": "panorama.space",
        "pk": "22",
        "fields": {
            "name": "\u7a7a\u95f48",
            "url": "img/real/new_8.jpg",
            "cache_url": "img/cache/new_8.jpg",
            "thumb_url": "img/thumb/new_8.jpg",
            "creator": 3,
            "create_time": "2016-10-05T06:48:05.472Z"
        }
    },
    {
        "model": "panorama.space",
        "pk": "23",
        "fields": {
            "name": "\u5de5\u4e1a\u00b7\u7075\u611f\u6e90\u5730(HTC\u7248)",
            "url": "img/real/23.jpg",
            "cache_url": "img/cache/23.jpg",
            "thumb_url": "img/thumb/23.jpg",
            "creator": 3,
            "create_time": "2017-02-20T06:48:05.472Z"
        }
    },
    {
        "model": "panorama.space",
        "pk": "24",
        "fields": {
            "name": "\u4e00\u54c1VR\u5168\u666f\u66f4\u6362\u6750\u8d28\u6848\u4f8b",
            "url": "img/real/24.jpg",
            "cache_url": null,
            "thumb_url": "img/thumb/24.jpg",
            "creator": 1,
            "create_time": "2016-10-05T06:48:05.472Z"
        }
    },
    {
        "model": "panorama.space",
        "pk": "5",
        "fields": {
            "name": "\u7a7a\u95f4\u540d\u79f0\uff1a5",
            "url": "img/real/5.jpg",
            "cache_url": "img/cache/5.jpg",
            "thumb_url": "img/thumb/5.jpg",
            "creator": 3,
            "create_time": "2016-10-05T06:48:05.472Z"
        }
    },
    {
        "model": "panorama.space",
        "pk": "6",
        "fields": {
            "name": "\u7a7a\u95f4\u540d\u79f0\uff1a6",
            "url": "img/real/6.jpg",
            "cache_url": "img/cache/6.jpg",
            "thumb_url": "img/thumb/6.jpg",
            "creator": 3,
            "create_time": "2016-10-05T06:48:05.472Z"
        }
    },
    {
        "model": "panorama.space",
        "pk": "7",
        "fields": {
            "name": "\u7a7a\u95f4\u540d\u79f0\uff1a7",
            "url": "img/real/7.jpg",
            "cache_url": "img/cache/7.jpg",
            "thumb_url": "img/thumb/7.jpg",
            "creator": 3,
            "create_time": "2016-10-05T06:48:05.472Z"
        }
    },
    {
        "model": "panorama.space",
        "pk": "8",
        "fields": {
            "name": "\u7a7a\u95f4\u540d\u79f0\uff1a8",
            "url": "img/real/8.jpg",
            "cache_url": "img/cache/8.jpg",
            "thumb_url": "img/thumb/8.jpg",
            "creator": 3,
            "create_time": "2016-10-05T06:48:05.472Z"
        }
    },
    {
        "model": "panorama.space",
        "pk": "9",
        "fields": {
            "name": "\u7a7a\u95f4\u540d\u79f0\uff1a9",
            "url": "img/real/9.jpg",
            "cache_url": "img/cache/9.jpg",
            "thumb_url": "img/thumb/9.jpg",
            "creator": 3,
            "create_time": "2016-10-05T06:48:05.472Z"
        }
    },
    {
        "model": "panorama.texture",
        "pk": 1,
        "fields": {
            "category": 1,
            "url": "img/real/23_1.jpg",
            "label": "\u513f\u7ae5\u7cfb\u5217241",
            "space": "23"
        }
    },
    {
        "model": "panorama.texture",
        "pk": 2,
        "fields": {
            "category": 1,
            "url": "img/real/23_2.jpg",
            "label": "\u6b27\u5f0f\u7cfb\u5217107",
            "space": "23"
        }
    },
    {
        "model": "panorama.texture",
        "pk": 3,
        "fields": {
            "category": 1,
            "url": "img/real/23_3.jpg",
            "label": "\u73b0\u4ee3\u7cfb\u5217809",
            "space": "23"
        }
    },
    {
        "model": "panorama.texture",
        "pk": 4,
        "fields": {
            "category": 1,
            "url": "img/real/23_4.jpg",
            "label": "\u9a91\u58eb\u98ce\u83035CHI",
            "space": "23"
        }
    },
    {
        "model": "panorama.texture",
        "pk": 5,
        "fields": {
            "category": 2,
            "url": "img/real/23_5.jpg",
            "label": "\u5c71\u6838\u6843S-46",
            "space": "23"
        }
    },
    {
        "model": "panorama.texture",
        "pk": 6,
        "fields": {
            "category": 2,
            "url": "img/real/23_6.jpg",
            "label": "\u592a\u7a7a\u6f2b\u6b65JS8278",
            "space": "23"
        }
    },
    {
        "model": "panorama.texture",
        "pk": 7,
        "fields": {
            "category": 2,
            "url": "img/real/23_7.jpg",
            "label": "\u73b0\u4ee3\u7cfb\u5217167",
            "space": "23"
        }
    },
    {
        "model": "panorama.texture",
        "pk": 8,
        "fields": {
            "category": 3,
            "url": "img/real/23_8.jpg",
            "label": "\u901a\u4f53\u7816",
            "space": "23"
        }
    },
    {
        "model": "panorama.texture",
        "pk": 9,
        "fields": {
            "category": 3,
            "url": "img/real/23_9.jpg",
            "label": "\u91c9\u9762\u7816",
            "space": "23"
        }
    },
    {
        "model": "panorama.texture",
        "pk": 10,
        "fields": {
            "category": 4,
            "url": "img/real/23_10.jpg",
            "label": "\u6728\u9970\u9762",
            "space": "23"
        }
    },
    {
        "model": "panorama.texture",
        "pk": 11,
        "fields": {
            "category": 4,
            "url": "img/real/23_11.jpg",
            "label": "\u94dd\u6263\u677f",
            "space": "23"
        }
    },
    {
        "model": "panorama.texture",
        "pk": 12,
        "fields": {
            "category": 2,
            "url": "img/real/24_1.jpg",
            "label": "\u6728\u5730\u677f",
            "space": "24"
        }
    },
    {
        "model": "panorama.texture",
        "pk": 13,
        "fields": {
            "category": 3,
            "url": "img/real/24.jpg",
            "label": "\u767d\u5730\u7816",
            "space": "24"
        }
    },
    {
        "model": "panorama.texture",
        "pk": 14,
        "fields": {
            "category": 3,
            "url": "img/real/24_2.jpg",
            "label": "\u7c73\u8272\u5730\u7816",
            "space": "24"
        }
    },
    {
        "model": "panorama.texture",
        "pk": 16,
        "fields": {
            "category": 1,
            "url": "img/real/24_1.jpg",
            "label": "\u84dd\u8272\u7b80\u6b27\u5899\u7eb8",
            "space": "24"
        }
    },
    {
        "model": "panorama.texture",
        "pk": 17,
        "fields": {
            "category": 1,
            "url": "img/real/24.jpg",
            "label": "\u84dd\u8272ab\u5899\u7eb8",
            "space": "24"
        }
    },
    {
        "model": "panorama.texture",
        "pk": 18,
        "fields": {
            "category": 1,
            "url": "img/real/24_2.jpg",
            "label": "\u6696\u8272\u6b27\u5f0f\u5899\u7eb8",
            "space": "24"
        }
    },
    {
        "model": "panorama.texture",
        "pk": 19,
        "fields": {
            "category": 1,
            "url": "img/real/24_3.jpg",
            "label": "\u6761\u7eb9\u58c1\u7eb8",
            "space": "24"
        }
    },
    {
        "model": "panorama.scene",
        "pk": "first",
        "fields": {
            "title": "\u6d4b\u8bd5\u573a\u666f",
            "seller": 1,
            "entry": "0"
        }
    },
    {
        "model": "panorama.scene",
        "pk": "second",
        "fields": {
            "title": "\u65b0\u573a\u666f",
            "seller": 3,
            "entry": "22"
        }
    },
    {
        "model": "panorama.scenespace",
        "pk": 1,
        "fields": {
            "scene": "first",
            "space": "0",
            "space_name": null,
            "ordinal": 1
        }
    },
    {
        "model": "panorama.scenespace",
        "pk": 2,
        "fields": {
            "scene": "first",
            "space": "1",
            "space_name": null,
            "ordinal": 2
        }
    },
    {
        "model": "panorama.scenespace",
        "pk": 3,
        "fields": {
            "scene": "first",
            "space": "2",
            "space_name": null,
            "ordinal": 3
        }
    },
    {
        "model": "panorama.scenespace",
        "pk": 4,
        "fields": {
            "scene": "first",
            "space": "5",
            "space_name": null,
            "ordinal": 4
        }
    },
    {
        "model": "panorama.scenespace",
        "pk": 5,
        "fields": {
            "scene": "first",
            "space": "6",
            "space_name": null,
            "ordinal": 5
        }
    },
    {
        "model": "panorama.scenespace",
        "pk": 6,
        "fields": {
            "scene": "first",
            "space": "7",
            "space_name": null,
            "ordinal": 6
        }
    },
    {
        "model": "panorama.scenespace",
        "pk": 7,
        "fields": {
            "scene": "first",
            "space": "8",
            "space_name": null,
            "ordinal": 7
        }
    },
    {
        "model": "panorama.scenespace",
        "pk": 8,
        "fields": {
            "scene": "first",
            "space": "9",
            "space_name": null,
            "ordinal": 8
        }
    },
    {
        "model": "panorama.scenespace",
        "pk": 9,
        "fields": {
            "scene": "first",
            "space": "10",
            "space_name": null,
            "ordinal": 9
        }
    },
    {
        "model": "panorama.scenespace",
        "pk": 10,
        "fields": {
            "scene": "first",
            "space": "11",
            "space_name": null,
            "ordinal": 10
        }
    },
    {
        "model": "panorama.scenespace",
        "pk": 11,
        "fields": {
            "scene": "first",
            "space": "12",
            "space_name": null,
            "ordinal": 11
        }
    },
    {
        "model": "panorama.scenespace",
        "pk": 12,
        "fields": {
            "scene": "first",
            "space": "13",
            "space_name": null,
            "ordinal": 12
        }
    },
    {
        "model": "panorama.scenespace",
        "pk": 13,
        "fields": {
            "scene": "first",
            "space": "14",
            "space_name": null,
            "ordinal": 13
        }
    },
    {
        "model": "panorama.scenespace",
        "pk": 14,
        "fields": {
            "scene": "second",
            "space": "15",
            "space_name": "",
            "ordinal": 6
        }
    },
    {
        "model": "panorama.scenespace",
        "pk": 15,
        "fields": {
            "scene": "second",
            "space": "16",
            "space_name": "",
            "ordinal": 3
        }
    },
    {
        "model": "panorama.scenespace",
        "pk": 16,
        "fields": {
            "scene": "second",
            "space": "17",
            "space_name": "",
            "ordinal": 2
        }
    },
    {
        "model": "panorama.scenespace",
        "pk": 17,
        "fields": {
            "scene": "second",
            "space": "18",
            "space_name": "",
            "ordinal": 4
        }
    },
    {
        "model": "panorama.scenespace",
        "pk": 18,
        "fields": {
            "scene": "second",
            "space": "19",
            "space_name": "",
            "ordinal": 5
        }
    },
    {
        "model": "panorama.scenespace",
        "pk": 19,
        "fields": {
            "scene": "second",
            "space": "20",
            "space_name": "",
            "ordinal": 8
        }
    },
    {
        "model": "panorama.scenespace",
        "pk": 20,
        "fields": {
            "scene": "second",
            "space": "21",
            "space_name": "",
            "ordinal": 7
        }
    },
    {
        "model": "panorama.scenespace",
        "pk": 21,
        "fields": {
            "scene": "second",
            "space": "22",
            "space_name": "",
            "ordinal": 1
        }
    },
    {
        "model": "panorama.hot",
        "pk": 1,
        "fields": {
            "scene_space": 1,
            "title": "\u8fd9\u91cc\u662f\u70ed\u70b9\u7684\u63cf\u8ff0",
            "vector": "{\"vx\":-29.4561,\"vz\":7.0743,\"vy\":-18.9069}",
            "transition": "{\"pz\": -11.0588, \"py\": 0.1294, \"to\": \"1\", \"px\": 88.523}"
        }
    },
    {
        "model": "panorama.hot",
        "pk": 2,
        "fields": {
            "scene_space": 2,
            "title": "\u8df3\u81f313",
            "vector": "{\"vz\":23.5366,\"vy\":-19.1917,\"vx\":-18.7445}",
            "transition": "{\"pz\": -68.1908, \"py\": 0.4336, \"to\": \"13\", \"px\": 61.2799}"
        }
    },
    {
        "model": "panorama.hot",
        "pk": 3,
        "fields": {
            "scene_space": 3,
            "title": "to 1",
            "vector": "{\"vz\":-25.9423,\"vy\":-24.4605,\"vx\":1.8903}",
            "transition": "{\"pz\": 121.7136, \"py\": -0.2672, \"to\": \"1\", \"px\": 0.1808}"
        }
    },
    {
        "model": "panorama.hot",
        "pk": 4,
        "fields": {
            "scene_space": 2,
            "title": "\u8fdb\u5165\u7a7a\u95f42",
            "vector": "{\"vz\":27.4568,\"vy\":-22.648,\"vx\":-2.7069}",
            "transition": "{\"pz\": -55.9621, \"py\": -0.2834, \"to\": \"2\", \"px\": -0.6951}"
        }
    },
    {
        "model": "panorama.hot",
        "pk": 5,
        "fields": {
            "scene_space": 2,
            "title": "\u56de\u5230\u7a7a\u95f40",
            "vector": "{\"vz\":-4.2313,\"vy\":-19.3082,\"vx\":29.7224}",
            "transition": "{\"pz\": 13.0599, \"py\": -1.0107, \"to\": \"0\", \"px\": -111.6612}"
        }
    },
    {
        "model": "panorama.hot",
        "pk": 6,
        "fields": {
            "scene_space": 3,
            "title": "to 5",
            "vector": "{\"vz\":30.2801,\"vy\":-18.879,\"vx\":-0.8039}",
            "transition": "{\"pz\": -34.8491, \"py\": -3.1483, \"to\": \"5\", \"px\": -1.7957}"
        }
    },
    {
        "model": "panorama.hot",
        "pk": 13,
        "fields": {
            "scene_space": 18,
            "title": "\u7ee7\u7eed",
            "vector": "{\"vz\": 4.6865, \"vx\": 43.0916, \"vy\": -12.0892}",
            "transition": "{\"to\": \"15\", \"px\": -96.5802, \"pz\": -23.0257, \"py\": -1.3156}"
        }
    },
    {
        "model": "panorama.hot",
        "pk": 16,
        "fields": {
            "scene_space": 15,
            "title": "\u4e0b\u4e00\u4e2a",
            "vector": "{\"vy\": -15.874, \"vz\": 32.384, \"vx\": -26.9127}",
            "transition": "{\"to\": \"18\", \"px\": 57.5058, \"pz\": -45.3132, \"py\": -0.5988}"
        }
    },
    {
        "model": "panorama.hot",
        "pk": 17,
        "fields": {
            "scene_space": 17,
            "title": "\u4e0b\u4e00\u4e2a",
            "vector": "{\"vy\": -20.3823, \"vz\": 37.65, \"vx\": -13.8578}",
            "transition": "{\"pz\": -53.9248, \"to\": \"19\", \"px\": 6.252, \"py\": -2.4775}"
        }
    },
    {
        "model": "panorama.hot",
        "pk": 18,
        "fields": {
            "scene_space": 18,
            "title": "\u4e0b\u4e00\u4e2a",
            "vector": "{\"vy\": -6.9236, \"vz\": 31.6381, \"vx\": -31.2425}",
            "transition": "{\"to\": \"21\", \"px\": 105.6778, \"pz\": -103.861, \"py\": -3.1311}"
        }
    },
    {
        "model": "panorama.hot",
        "pk": 19,
        "fields": {
            "scene_space": 18,
            "title": "\u4e0b\u4e00\u4e2a",
            "vector": "{\"vy\": -12.3058, \"vz\": 17.1798, \"vx\": -39.7293}",
            "transition": "{\"pz\": -49.8329, \"to\": \"20\", \"px\": 152.1104, \"py\": 2.1948}"
        }
    },
    {
        "model": "panorama.hot",
        "pk": 21,
        "fields": {
            "scene_space": 20,
            "title": "\u56de",
            "vector": "{\"vy\": -13.2993, \"vz\": -29.6898, \"vx\": 31.0909}",
            "transition": "{\"to\": \"19\", \"px\": -73.0554, \"pz\": 102.1447, \"py\": 16.3846}"
        }
    },
    {
        "model": "panorama.hot",
        "pk": 22,
        "fields": {
            "scene_space": 18,
            "title": "\u56de",
            "vector": "{\"vy\": -24.4735, \"vz\": -37.543, \"vx\": 4.0707}",
            "transition": "{\"to\": \"18\", \"px\": -31.1109, \"pz\": 95.0819, \"py\": 9.699}"
        }
    },
    {
        "model": "panorama.hot",
        "pk": 23,
        "fields": {
            "scene_space": 17,
            "title": "\u56de",
            "vector": "{\"vy\": -14.2603, \"vz\": -28.7216, \"vx\": 31.5708}",
            "transition": "{\"to\": \"16\", \"px\": -86.6388, \"pz\": 92.6371, \"py\": -0.3267}"
        }
    },
    {
        "model": "panorama.hot",
        "pk": 24,
        "fields": {
            "scene_space": 15,
            "title": "\u56de",
            "vector": "{\"vy\": -12.9634, \"vz\": -41.3248, \"vx\": -12.2152}",
            "transition": "{\"to\": \"17\", \"px\": 25.4356, \"pz\": 81.9081, \"py\": -0.0924}"
        }
    },
    {
        "model": "panorama.hot",
        "pk": 26,
        "fields": {
            "scene_space": 14,
            "title": "666666666",
            "vector": "{\"vy\": -16.1409, \"vz\": -13.6867, \"vx\": -39.7133}",
            "transition": "{\"pz\": 2.4649, \"to\": \"19\", \"px\": 109.6682, \"py\": -35.8354}"
        }
    },
    {
        "model": "panorama.hot",
        "pk": 27,
        "fields": {
            "scene_space": 16,
            "title": "\u56de",
            "vector": "{\"vy\": -32.346, \"vz\": -31.1592, \"vx\": 2.8}",
            "transition": "{\"pz\": 61.6089, \"px\": -6.8872, \"py\": -0.0785, \"to\": \"22\"}"
        }
    },
    {
        "model": "panorama.hot",
        "pk": 28,
        "fields": {
            "scene_space": 21,
            "title": "\u8fdb\u51653\u7a7a\u95f4",
            "vector": "{\"vy\": -29.3776, \"vz\": 32.0874, \"vx\": -11.5046}",
            "transition": "{\"pz\": -52.5228, \"to\": \"17\", \"px\": 5.4951, \"py\": 0.7566}"
        }
    },
    {
        "model": "panorama.hot",
        "pk": 29,
        "fields": {
            "scene_space": 16,
            "title": "\u4e0b\u4e00\u4e2a\u573a\u666f",
            "vector": "{\"vy\": -16.4163, \"vz\": 41.4268, \"vx\": 6.2707}",
            "transition": "{\"pz\": -93.2197, \"to\": \"16\", \"px\": -35.8875, \"py\": -3.1537}"
        }
    },
    {
        "model": "panorama.hot",
        "pk": 30,
        "fields": {
            "scene_space": 19,
            "title": "\u56de",
            "vector": "{\"vy\": -24.2249, \"vx\": 36.8816, \"vz\": -8.8262}",
            "transition": "{\"to\": \"19\", \"px\": -77.223, \"pz\": 27.2996, \"py\": -0.7059}"
        }
    },
    {
        "model": "panorama.hot",
        "pk": 31,
        "fields": {
            "scene_space": 4,
            "title": "66666",
            "vector": "{\"vy\": -10.1101, \"vz\": 43.7982, \"vx\": -2.1221}",
            "transition": "{\"pz\": -53.7258, \"py\": -2.3455, \"to\": \"6\", \"px\": -2.1335}"
        }
    },
    {
        "model": "panorama.hot",
        "pk": 32,
        "fields": {
            "scene_space": 5,
            "title": "2222",
            "vector": "{\"vy\": -6.021, \"vz\": -44.5154, \"vx\": 2.6698}",
            "transition": "{\"pz\": 72.0, \"py\": -0.7, \"to\": \"2\", \"px\": 0.6}"
        }
    },
    {
        "model": "panorama.hot",
        "pk": 33,
        "fields": {
            "scene_space": 11,
            "title": "22222",
            "vector": "{\"vy\": -17.1622, \"vz\": -33.5865, \"vx\": 24.5439}",
            "transition": "{\"pz\": 65.8568, \"py\": 0.3357, \"to\": \"2\", \"px\": -59.9455}"
        }
    },
    {
        "model": "panorama.hot",
        "pk": 34,
        "fields": {
            "scene_space": 21,
            "title": "\u8fdb\u5165\u7a7a\u95f42",
            "vector": "{\"vx\": 2.4612, \"vy\": -11.9136, \"vz\": 43.3245}",
            "transition": "{\"pz\": -115.7217, \"to\": \"16\", \"px\": -22.9009, \"py\": -1.3234}"
        }
    }
]
